{"cameraMode":{"drawMode":0,"name":"Shaded","section":"Shading Mode"},"sceneLighting":false,"audioPlay":false,"sceneViewState":{"showFog":true,"showMaterialUpdate":false,"showSkybox":false,"showFlares":true,"showImageEffects":true,"showParticleSystems":true},"in2DMode":false,"pivot":{"x":-0.6755380630493164,"y":-0.7725973129272461,"z":-3.1188158988952638},"rotation":{"x":0.1931382566690445,"y":0.72441166639328,"z":-0.22479701042175294,"w":0.6224079728126526},"size":19.578012466430665,"orthographic":false}