{"cameraMode":{"drawMode":0,"name":"Shaded","section":"Shading Mode"},"sceneLighting":true,"audioPlay":false,"sceneViewState":{"showFog":true,"showMaterialUpdate":false,"showSkybox":true,"showFlares":true,"showImageEffects":true,"showParticleSystems":true},"in2DMode":false,"pivot":{"x":-5.734124183654785,"y":-11.97736930847168,"z":15.767005920410157},"rotation":{"x":0.3045019209384918,"y":-0.18838141858577729,"z":0.061564382165670398,"w":0.9316702485084534},"size":29.12718963623047,"orthographic":false}