{"cameraMode":{"drawMode":0,"name":"Shaded","section":"Shading Mode"},"sceneLighting":false,"audioPlay":false,"sceneViewState":{"showFog":true,"showMaterialUpdate":false,"showSkybox":false,"showFlares":true,"showImageEffects":true,"showParticleSystems":true},"in2DMode":false,"pivot":{"x":5.40518856048584,"y":-3.6437149047851564,"z":3.4101402759552},"rotation":{"x":0.21761225163936616,"y":0.6612041592597961,"z":-0.2095404863357544,"w":0.6866926550865173},"size":25.49565887451172,"orthographic":false}